{
  "video_source": "test 2.mp4",
  "frame_width": 1920,
  "frame_height": 1080,
  "roi_y_top_ratio": 0.5,
  "road_x_min_ratio": 0.05,
  "road_x_max_ratio": 0.9,
  "lanes": [
    {
      "id": 1,
      "type": "car",
      "poly_norm": [
        [
          0.05,
          0.5
        ],
        [
          0.4264636516571045,
          0.5
        ],
        [
          0.4264636516571045,
          1.0
        ],
        [
          0.05,
          1.0
        ]
      ]
    },
    {
      "id": 2,
      "type": "car",
      "poly_norm": [
        [
          0.4264636516571045,
          0.5
        ],
        [
          0.6255575338999431,
          0.5
        ],
        [
          0.6255575338999431,
          1.0
        ],
        [
          0.4264636516571045,
          1.0
        ]
      ]
    },
    {
      "id": 3,
      "type": "car",
      "poly_norm": [
        [
          0.6255575338999431,
          0.5
        ],
        [
          0.9,
          0.5
        ],
        [
          0.9,
          1.0
        ],
        [
          0.6255575338999431,
          1.0
        ]
      ]
    }
  ]
}